id,first_name,last_name,email,gender,ip_address
1,Durand,Uppett,duppett0@wunderground.com,Male,233.244.82.14
2,Valentijn,Wield,vwield1@examiner.com,Male,62.127.101.78
3,Elbert,Pawlata,epawlata2@yellowbook.com,Male,81.240.255.75
4,Claudell,Yoselevitch,cyoselevitch3@wordpress.com,Male,184.123.70.64
5,Pauletta,Scrinage,pscrinage4@yelp.com,Female,158.85.87.6
6,Shermy,Kehir,skehir5@un.org,Male,160.193.204.251
7,Blake,De Lasci,bdelasci6@linkedin.com,Female,159.221.131.194
8,Saleem,McNevin,smcnevin7@cafepress.com,Male,187.184.179.140
9,Olivie,Ailward,oailward8@about.me,Female,18.186.215.9
10,Sheilah,Worgen,sworgen9@usatoday.com,Female,223.200.108.213
11,Polly,Zarfati,pzarfatia@nhs.uk,Female,166.245.229.243
12,Abelard,Jewkes,ajewkesb@typepad.com,Male,117.28.96.105
13,Ikey,Villaron,ivillaronc@boston.com,Male,243.72.182.112
14,Terry,Angliss,tanglissd@blogs.com,Male,151.44.90.43
15,Ruttger,Semens,rsemense@army.mil,Male,23.8.26.99
16,Morganica,Legion,mlegionf@merriam-webster.com,Female,183.149.244.199
17,Ilaire,Kinrade,ikinradeg@epa.gov,Male,163.53.71.242
18,Patton,Witsey,pwitseyh@live.com,Male,111.255.251.171
19,Bruno,Nixon,bnixoni@geocities.jp,Male,71.126.85.233
20,Carmine,Casellas,ccasellasj@cmu.edu,Male,48.200.248.43
21,Harriot,Bert,hbertk@opera.com,Female,244.44.235.59
22,Cherice,Colleton,ccolletonl@newsvine.com,Female,112.94.22.48
23,Irwin,Danton,idantonm@people.com.cn,Male,243.2.61.149
24,Pen,Barney,pbarneyn@wix.com,Male,149.203.76.38
25,Urson,Kindell,ukindello@github.com,Male,250.218.47.19
26,Tore,Aslum,taslump@canalblog.com,Male,3.211.205.139
27,Darn,Banasevich,dbanasevichq@slashdot.org,Male,184.189.100.154
28,Reginald,Tante,rtanter@yellowpages.com,Male,133.255.248.108
29,Martica,Elkins,melkinss@redcross.org,Female,74.67.70.65
30,Henri,Sprake,hspraket@cyberchimps.com,Male,77.17.167.229
31,Basilio,Challenor,bchallenoru@ustream.tv,Male,107.45.8.63
32,Cal,Cuss,ccussv@meetup.com,Female,162.0.8.153
33,Lynda,Le feaver,llefeaverw@latimes.com,Female,165.141.208.19
34,Evin,Lempke,elempkex@ask.com,Male,76.204.152.234
35,Vergil,Barnicott,vbarnicotty@comsenz.com,Male,64.56.192.209
36,Murry,Sainsberry,msainsberryz@freewebs.com,Male,153.230.12.37
37,Rae,Litherborough,rlitherborough10@skype.com,Female,202.249.62.12
38,Dee,Monkleigh,dmonkleigh11@mashable.com,Female,175.136.109.161
39,Derrek,Strank,dstrank12@admin.ch,Male,101.73.108.115
40,Cynde,Kroger,ckroger13@time.com,Female,237.223.141.59
41,Avictor,Udall,audall14@surveymonkey.com,Male,154.117.90.38
42,Dorey,Cosgrove,dcosgrove15@ameblo.jp,Female,113.102.64.237
43,Mirella,Bunten,mbunten16@latimes.com,Female,64.26.3.205
44,Carri,Adolphine,cadolphine17@mapquest.com,Female,69.23.51.139
45,Aleksandr,Atter,aatter18@paginegialle.it,Male,49.194.242.110
46,Ambrosi,Seyfart,aseyfart19@google.cn,Male,211.44.1.190
47,Langston,Wressell,lwressell1a@google.es,Male,127.106.136.254
48,Ingamar,Clacey,iclacey1b@weibo.com,Male,198.196.97.109
49,Gaston,Izaks,gizaks1c@cornell.edu,Male,97.123.146.86
50,Sibel,Backhouse,sbackhouse1d@dailymail.co.uk,Female,204.85.156.110
51,Odille,Seater,oseater1e@statcounter.com,Female,3.250.150.161
52,Kelley,Leil,kleil1f@symantec.com,Female,5.159.209.177
53,Idaline,Doddridge,idoddridge1g@sourceforge.net,Female,189.101.249.237
54,Bridget,Gladtbach,bgladtbach1h@comcast.net,Female,49.139.0.95
55,Grete,Gittose,ggittose1i@un.org,Female,198.42.37.5
56,Adele,Stidworthy,astidworthy1j@china.com.cn,Female,21.213.3.251
57,Sandra,Diglin,sdiglin1k@posterous.com,Female,108.146.56.216
58,Hanan,Reneke,hreneke1l@ow.ly,Male,214.234.223.73
59,Carmelita,Jensen,cjensen1m@unblog.fr,Female,242.5.166.104
60,Hercule,Patron,hpatron1n@desdev.cn,Male,138.206.3.203
61,Bertina,Horburgh,bhorburgh1o@google.co.uk,Female,202.119.48.77
62,Kathryn,Dabinett,kdabinett1p@sogou.com,Female,166.43.202.89
63,Flossie,Coard,fcoard1q@chicagotribune.com,Female,68.154.206.40
64,Sky,Vatini,svatini1r@bizjournals.com,Male,72.106.213.204
65,Ethelyn,Liveley,eliveley1s@ovh.net,Female,123.36.213.246
66,Farly,Oakeby,foakeby1t@wisc.edu,Male,184.10.18.91
67,Giordano,Joao,gjoao1u@thetimes.co.uk,Male,72.87.227.9
68,Far,Bogart,fbogart1v@ow.ly,Male,198.151.226.231
69,Shadow,Colqueran,scolqueran1w@samsung.com,Male,9.96.117.20
70,Ritchie,Giovanazzi,rgiovanazzi1x@noaa.gov,Male,94.190.87.161
71,Agna,Claricoats,aclaricoats1y@blinklist.com,Female,70.192.15.146
72,Zorine,Roscow,zroscow1z@huffingtonpost.com,Female,240.251.3.125
73,Hedy,Schindler,hschindler20@statcounter.com,Female,122.147.21.17
74,Pamella,Fagence,pfagence21@wikimedia.org,Female,173.26.99.83
75,Ingrim,Icke,iicke22@feedburner.com,Male,82.147.12.58
76,Barbabra,Hubback,bhubback23@epa.gov,Female,12.233.157.51
77,Preston,McShee,pmcshee24@unicef.org,Male,206.72.197.21
78,Micaela,Sueter,msueter25@diigo.com,Female,109.228.164.87
79,Sioux,Staunton,sstaunton26@simplemachines.org,Female,111.128.48.149
80,Richie,Jeavons,rjeavons27@i2i.jp,Male,35.158.27.162
81,Veronika,Carrol,vcarrol28@businessinsider.com,Female,98.30.54.165
82,Lazare,Buyers,lbuyers29@amazon.co.jp,Male,65.185.83.108
83,Raquela,Casarini,rcasarini2a@hatena.ne.jp,Female,205.12.42.147
84,Stacy,Kop,skop2b@guardian.co.uk,Male,108.100.180.102
85,Hewie,Gartell,hgartell2c@usa.gov,Male,230.148.227.126
86,Fraser,Robion,frobion2d@wp.com,Male,75.223.113.255
87,Frederich,Circuit,fcircuit2e@rediff.com,Male,116.69.236.224
88,Cobbie,Dare,cdare2f@soup.io,Male,96.81.250.202
89,Hilliard,Dallosso,hdallosso2g@china.com.cn,Male,93.82.124.119
90,Tibold,Shields,tshields2h@histats.com,Male,221.26.143.252
91,Alia,Tatlow,atatlow2i@ibm.com,Female,73.52.123.67
92,Ambrosi,Eccleston,aeccleston2j@gmpg.org,Male,33.205.89.222
93,Lynnett,Snaith,lsnaith2k@imageshack.us,Female,122.107.244.19
94,Norry,Dumblton,ndumblton2l@tinypic.com,Male,43.167.94.172
95,Burke,Harfleet,bharfleet2m@people.com.cn,Male,10.162.227.105
96,Arther,Cole,acole2n@yale.edu,Male,157.140.4.193
97,Malynda,Myring,mmyring2o@chronoengine.com,Female,20.67.17.187
98,Cloris,Ritchard,critchard2p@umn.edu,Female,128.108.204.79
99,Inge,Hague,ihague2q@geocities.jp,Female,114.74.173.216
100,Wash,Elwell,welwell2r@a8.net,Male,65.52.240.218
101,George,Noller,gnoller2s@cafepress.com,Male,1.169.125.231
102,Darren,Medway,dmedway2t@ocn.ne.jp,Male,155.187.187.76
103,Loreen,Vyvyan,lvyvyan2u@flickr.com,Female,64.221.185.81
104,Ericka,Gelling,egelling2v@google.co.jp,Female,41.100.60.25
105,Rivkah,Bourthoumieux,rbourthoumieux2w@sbwire.com,Female,65.192.104.155
106,Carita,Smallbone,csmallbone2x@mapquest.com,Female,135.152.133.60
107,Jdavie,Akehurst,jakehurst2y@craigslist.org,Male,53.237.55.173
108,Cyril,Rugg,crugg2z@homestead.com,Male,92.219.213.59
109,Sharity,Scare,sscare30@usgs.gov,Female,37.92.108.97
110,Jewell,Hyett,jhyett31@tripadvisor.com,Female,115.232.210.159
111,Sandra,Zammitt,szammitt32@imgur.com,Female,218.36.211.180
112,Nestor,Toun,ntoun33@nasa.gov,Male,104.29.142.46
113,Donny,Hairyes,dhairyes34@cbslocal.com,Female,251.179.14.105
114,Sauveur,Scanlon,sscanlon35@unicef.org,Male,104.158.122.173
115,Appolonia,Ciciura,aciciura36@cornell.edu,Female,74.236.70.64
116,Moina,Cominoli,mcominoli37@telegraph.co.uk,Female,130.244.242.196
117,Elisha,Nason,enason38@hhs.gov,Female,225.212.104.5
118,Franciskus,Vannozzii,fvannozzii39@yahoo.com,Male,156.171.8.205
119,Melinde,Jepps,mjepps3a@berkeley.edu,Female,109.250.104.158
120,Leeann,Morphet,lmorphet3b@booking.com,Female,34.215.149.56
121,Andee,D'Ambrogi,adambrogi3c@lulu.com,Female,50.221.254.37
122,Bobbie,Ferreo,bferreo3d@cbslocal.com,Female,107.188.227.49
123,Gisela,Pudan,gpudan3e@answers.com,Female,214.225.49.122
124,Lalo,Lipson,llipson3f@etsy.com,Male,32.170.110.227
125,Iona,Bewfield,ibewfield3g@jalbum.net,Female,101.14.63.199
126,Bone,Whales,bwhales3h@techcrunch.com,Male,68.82.216.92
127,Sammy,Pavlik,spavlik3i@hibu.com,Female,126.194.242.221
128,Bamby,Belfield,bbelfield3j@booking.com,Female,78.239.252.222
129,Mady,Drains,mdrains3k@trellian.com,Female,119.5.139.233
130,Olivero,Kenn,okenn3l@free.fr,Male,114.5.59.167
131,Consalve,Mark,cmark3m@ed.gov,Male,240.191.201.212
132,Sophi,Asson,sasson3n@gmpg.org,Female,243.218.237.29
133,Laraine,Selwood,lselwood3o@stanford.edu,Female,64.37.224.30
134,Antin,Tremmil,atremmil3p@economist.com,Male,218.243.250.133
135,Bucky,Dakers,bdakers3q@psu.edu,Male,84.138.29.39
136,Sidney,Heddon,sheddon3r@msn.com,Male,182.94.112.236
137,Forster,Grestie,fgrestie3s@mashable.com,Male,9.66.215.241
138,Vidovic,Reedman,vreedman3t@soup.io,Male,177.26.152.4
139,Giulietta,Lorraway,glorraway3u@bloglovin.com,Female,53.56.146.245
140,Haleigh,Ducker,hducker3v@livejournal.com,Male,78.17.147.75
141,Carmine,Duddle,cduddle3w@cpanel.net,Male,25.4.30.195
142,Giffy,Ferrar,gferrar3x@reuters.com,Male,214.50.87.100
143,Lilli,Fitch,lfitch3y@alexa.com,Female,33.189.194.180
144,Olav,Gutch,ogutch3z@networksolutions.com,Male,14.26.21.20
145,Phebe,Cowlas,pcowlas40@google.co.uk,Female,232.159.180.1
146,Oralia,Lidbetter,olidbetter41@eepurl.com,Female,22.29.144.221
147,Ophelia,Ziem,oziem42@imageshack.us,Female,42.90.6.6
148,Phaidra,Ebbing,pebbing43@hhs.gov,Female,162.104.188.32
149,Abbie,Kohnert,akohnert44@hud.gov,Female,6.248.119.106
150,Binny,MacCook,bmaccook45@sina.com.cn,Female,154.95.194.73
151,Raimundo,Rookwell,rrookwell46@woothemes.com,Male,61.46.3.194
152,Durward,Ruler,druler47@yellowbook.com,Male,168.55.166.152
153,Darrin,Saunter,dsaunter48@redcross.org,Male,168.164.47.79
154,Ellswerth,Cyson,ecyson49@blogs.com,Male,17.83.100.230
155,Lek,Winley,lwinley4a@globo.com,Male,68.185.207.8
156,Stanislaw,Gumary,sgumary4b@wp.com,Male,16.176.109.231
157,Meyer,Frushard,mfrushard4c@ca.gov,Male,162.219.105.65
158,Orson,Beavington,obeavington4d@taobao.com,Male,86.142.33.231
159,Petronille,Gibby,pgibby4e@phpbb.com,Female,20.176.67.31
160,Marje,Wassell,mwassell4f@example.com,Female,226.163.1.17
161,Harriott,Graundisson,hgraundisson4g@pinterest.com,Female,44.134.157.239
162,Randolf,Windybank,rwindybank4h@godaddy.com,Male,42.49.184.189
163,Zacharie,Rizzardini,zrizzardini4i@mlb.com,Male,144.223.87.107
164,Fifi,Chilcott,fchilcott4j@toplist.cz,Female,240.57.76.100
165,Betty,Cranham,bcranham4k@china.com.cn,Female,212.201.67.52
166,Gertrude,Kenford,gkenford4l@slate.com,Female,18.87.18.21
167,Miles,Ollet,mollet4m@ask.com,Male,50.103.221.247
168,Corine,Marikhin,cmarikhin4n@bbc.co.uk,Female,33.119.12.249
169,Tera,Brellin,tbrellin4o@livejournal.com,Female,90.98.86.89
170,Ford,Quilter,fquilter4p@clickbank.net,Male,244.220.180.25
171,Viki,Barff,vbarff4q@scribd.com,Female,203.18.220.117
172,Sayres,Daviddi,sdaviddi4r@buzzfeed.com,Male,141.237.82.23
173,Gustave,Sawdon,gsawdon4s@skype.com,Male,33.221.141.164
174,Carri,Vasnetsov,cvasnetsov4t@slideshare.net,Female,15.240.144.209
175,Wat,Prew,wprew4u@foxnews.com,Male,203.176.186.249
176,Amelita,Harold,aharold4v@issuu.com,Female,19.238.108.197
177,Bobbi,Izkoveski,bizkoveski4w@altervista.org,Female,247.187.225.67
178,Teodoro,Calvey,tcalvey4x@tmall.com,Male,192.126.173.63
179,Orion,Fedder,ofedder4y@odnoklassniki.ru,Male,54.107.58.68
180,Ashlan,Winward,awinward4z@newsvine.com,Female,170.59.104.85
181,Kelvin,Fillgate,kfillgate50@nba.com,Male,111.32.132.220
182,Ivor,Rhydderch,irhydderch51@themeforest.net,Male,65.213.127.129
183,Aubrette,Emmet,aemmet52@sitemeter.com,Female,176.117.195.234
184,Adler,La Torre,alatorre53@baidu.com,Male,158.16.35.230
185,Phillipp,Speeks,pspeeks54@tinypic.com,Male,156.80.0.208
186,Mandel,O'Shields,moshields55@vkontakte.ru,Male,191.113.185.9
187,Gerri,Van Brug,gvanbrug56@infoseek.co.jp,Male,74.214.180.248
188,Jyoti,Maffin,jmaffin57@imdb.com,Female,108.157.94.212
189,Rena,Massenhove,rmassenhove58@toplist.cz,Female,154.7.140.14
190,Ivan,Ruzic,iruzic59@noaa.gov,Male,87.117.19.113
191,Charley,Battista,cbattista5a@admin.ch,Male,30.229.58.23
192,Garreth,Faircliffe,gfaircliffe5b@woothemes.com,Male,204.123.225.178
193,Teodor,Simister,tsimister5c@house.gov,Male,220.92.140.11
194,Rozelle,Fenner,rfenner5d@netscape.com,Female,216.124.65.54
195,Inesita,Iannuzzelli,iiannuzzelli5e@cornell.edu,Female,57.8.122.200
196,Oliver,Haye,ohaye5f@usatoday.com,Male,156.69.239.63
197,Archibold,Tonnesen,atonnesen5g@dell.com,Male,231.80.108.216
198,Lila,Duffyn,lduffyn5h@delicious.com,Female,134.73.253.130
199,Marieann,Wrixon,mwrixon5i@yolasite.com,Female,198.241.62.188
200,Cher,Hillaby,chillaby5j@weebly.com,Female,246.63.168.149
201,Florian,Millwall,fmillwall5k@scientificamerican.com,Male,1.20.224.175
202,Isidoro,Barraclough,ibarraclough5l@so-net.ne.jp,Male,100.233.12.190
203,Darwin,Hlavecek,dhlavecek5m@un.org,Male,164.66.100.241
204,Dalenna,McConnachie,dmcconnachie5n@dot.gov,Female,231.19.252.197
205,Quintina,Till,qtill5o@etsy.com,Female,80.147.120.74
206,Belinda,MacKessock,bmackessock5p@imdb.com,Female,187.185.196.135
207,Bess,Worvill,bworvill5q@ucoz.ru,Female,23.225.181.176
208,Brenden,Bonnick,bbonnick5r@wp.com,Male,73.75.6.128
209,Quinton,Whittick,qwhittick5s@parallels.com,Male,40.162.228.232
210,Brucie,Scarce,bscarce5t@goodreads.com,Male,117.159.105.68
211,Jermayne,Cowndley,jcowndley5u@angelfire.com,Male,12.118.30.223
212,Cully,Rapa,crapa5v@printfriendly.com,Male,66.130.144.80
213,Lenna,Dalla,ldalla5w@seesaa.net,Female,135.186.33.13
214,Devland,Paulsson,dpaulsson5x@prweb.com,Male,0.129.226.132
215,Jojo,McCafferty,jmccafferty5y@xrea.com,Female,106.72.217.208
216,Natty,Parnham,nparnham5z@about.me,Male,199.223.61.38
217,Patrizius,Shailer,pshailer60@sitemeter.com,Male,39.68.138.236
218,Laryssa,Frostick,lfrostick61@hugedomains.com,Female,34.181.11.246
219,Ignacio,Bunten,ibunten62@businessinsider.com,Male,81.41.156.255
220,Harold,Iglesias,higlesias63@princeton.edu,Male,236.6.156.108
221,Reuven,Gallaher,rgallaher64@ucla.edu,Male,12.27.18.75
222,Myrta,Hackford,mhackford65@goodreads.com,Female,217.175.27.9
223,Erma,Sandlin,esandlin66@networksolutions.com,Female,106.117.191.254
224,Rosemaria,Muscott,rmuscott67@vimeo.com,Female,114.24.233.78
225,Delila,Americi,damerici68@friendfeed.com,Female,208.5.204.85
226,Kiel,Cannicott,kcannicott69@hc360.com,Male,75.15.52.52
227,Meier,Gerard,mgerard6a@liveinternet.ru,Male,108.40.199.238
228,Julius,Frazer,jfrazer6b@issuu.com,Male,58.212.173.202
229,Gweneth,Mardee,gmardee6c@jugem.jp,Female,53.127.192.66
230,Sheilakathryn,Batchelour,sbatchelour6d@nbcnews.com,Female,29.162.29.253
231,Denis,Grandison,dgrandison6e@tripadvisor.com,Male,119.48.89.183
232,Jasmin,Rudderham,jrudderham6f@de.vu,Female,66.219.183.170
233,Obed,Gruszczak,ogruszczak6g@cisco.com,Male,115.63.157.200
234,Cesya,Broe,cbroe6h@twitter.com,Female,190.89.133.155
235,Petronille,Rooksby,prooksby6i@eventbrite.com,Female,232.160.225.75
236,Lotti,Birdwhistle,lbirdwhistle6j@washingtonpost.com,Female,195.22.175.80
237,Tandy,Hill,thill6k@acquirethisname.com,Female,182.51.102.145
238,Reinhold,Cresser,rcresser6l@twitter.com,Male,209.166.0.252
239,Pepita,Besset,pbesset6m@pagesperso-orange.fr,Female,203.222.171.17
240,Frank,Rubenchik,frubenchik6n@uiuc.edu,Male,46.148.244.206
241,Jorrie,Richemont,jrichemont6o@google.co.jp,Female,234.41.239.224
242,Hans,Schonfeld,hschonfeld6p@cnbc.com,Male,189.206.243.21
243,Austine,Glowacz,aglowacz6q@europa.eu,Female,52.23.157.26
244,Stacee,Gillespie,sgillespie6r@rediff.com,Female,240.113.104.232
245,Free,Carillo,fcarillo6s@tripadvisor.com,Male,187.61.103.122
246,Bendicty,Dyneley,bdyneley6t@who.int,Male,83.200.139.7
247,Julius,Sall,jsall6u@parallels.com,Male,94.58.102.66
248,Valeria,Withnall,vwithnall6v@mtv.com,Female,129.158.99.15
249,Gibbie,Buxcey,gbuxcey6w@dmoz.org,Male,165.17.25.61
250,Lorna,Adam,ladam6x@gov.uk,Female,89.90.63.0
251,Britte,Diggle,bdiggle6y@telegraph.co.uk,Female,49.205.138.208
252,Shirlene,Cancott,scancott6z@ow.ly,Female,81.42.146.84
253,Jarrod,Fowells,jfowells70@infoseek.co.jp,Male,143.73.202.164
254,Malcolm,Gashion,mgashion71@prnewswire.com,Male,151.63.99.217
255,Rubina,Happs,rhapps72@constantcontact.com,Female,68.73.255.207
256,Ara,Jahncke,ajahncke73@jimdo.com,Female,29.52.173.112
257,Gilemette,Volonte,gvolonte74@ucoz.com,Female,178.239.225.247
258,Dasie,Clover,dclover75@huffingtonpost.com,Female,119.53.106.50
259,Ivie,Street,istreet76@g.co,Female,197.111.115.99
260,Jourdan,Waszkiewicz,jwaszkiewicz77@free.fr,Female,53.114.169.140
261,Gilbertine,Reyner,greyner78@vinaora.com,Female,110.48.26.207
262,Ezechiel,Vittore,evittore79@rakuten.co.jp,Male,194.59.29.94
263,Alison,Slack,aslack7a@plala.or.jp,Female,111.39.185.82
264,Rob,Montier,rmontier7b@google.com.hk,Male,101.102.239.31
265,Marcile,Gunston,mgunston7c@symantec.com,Female,76.21.199.74
266,Sheff,Latey,slatey7d@deliciousdays.com,Male,214.167.46.229
267,Jerrine,Fraanchyonok,jfraanchyonok7e@cmu.edu,Female,53.47.130.97
268,George,Jermyn,gjermyn7f@cnn.com,Female,171.173.68.247
269,Ivie,Capelle,icapelle7g@pagesperso-orange.fr,Female,4.107.118.46
270,Gallagher,Jaegar,gjaegar7h@guardian.co.uk,Male,168.82.80.228
271,Olive,Cawthery,ocawthery7i@wikipedia.org,Female,221.192.98.192
272,Marijo,McAster,mmcaster7j@fc2.com,Female,159.199.46.153
273,Fiona,Pringuer,fpringuer7k@blogspot.com,Female,95.133.36.227
274,Isabella,Simenon,isimenon7l@boston.com,Female,40.207.124.213
275,Roderick,Cristou,rcristou7m@nytimes.com,Male,111.233.56.53
276,Crysta,Jewster,cjewster7n@ifeng.com,Female,167.122.64.16
277,Roland,Noble,rnoble7o@hhs.gov,Male,201.12.3.101
278,Florentia,Loomes,floomes7p@weibo.com,Female,227.238.94.197
279,Guinevere,Craddock,gcraddock7q@geocities.com,Female,83.230.180.226
280,Ardath,Janowski,ajanowski7r@blogtalkradio.com,Female,15.58.103.105
281,Bibbye,Mil,bmil7s@toplist.cz,Female,255.182.149.253
282,Zachary,Levane,zlevane7t@bravesites.com,Male,214.224.150.156
283,Andrus,Americi,aamerici7u@nbcnews.com,Male,101.45.2.207
284,Brigid,Hilary,bhilary7v@surveymonkey.com,Female,53.37.5.129
285,Adelaida,Woodwing,awoodwing7w@harvard.edu,Female,139.241.120.167
286,Daryl,Fallis,dfallis7x@irs.gov,Male,69.196.248.168
287,Skylar,Brunker,sbrunker7y@163.com,Male,57.139.231.122
288,Sara-ann,Pleasaunce,spleasaunce7z@comcast.net,Female,133.67.73.176
289,Chrysa,Bunclark,cbunclark80@tiny.cc,Female,182.30.111.134
290,Kat,Stallion,kstallion81@wp.com,Female,151.49.58.52
291,Bastien,Iorizzo,biorizzo82@cpanel.net,Male,44.150.248.144
292,Falkner,McGillivrie,fmcgillivrie83@cnbc.com,Male,251.36.180.41
293,Carny,Gero,cgero84@barnesandnoble.com,Male,180.223.134.24
294,Antin,Janicek,ajanicek85@pagesperso-orange.fr,Male,121.119.123.171
295,Staford,Antonsen,santonsen86@amazon.co.uk,Male,175.231.34.55
296,Dalis,Ensor,densor87@rediff.com,Male,240.133.49.64
297,Euell,Syms,esyms88@gov.uk,Male,82.212.146.130
298,Emmalyn,Winkless,ewinkless89@vk.com,Female,42.103.135.135
299,Oswell,Balazs,obalazs8a@wisc.edu,Male,30.147.140.70
300,Yale,Andreutti,yandreutti8b@shareasale.com,Male,31.21.97.192
301,Sunny,Ennion,sennion8c@people.com.cn,Male,197.197.20.41
302,Keith,Spight,kspight8d@hatena.ne.jp,Male,41.177.22.9
303,Tobit,Bucknell,tbucknell8e@opensource.org,Male,22.0.8.171
304,Bartolemo,Redgewell,bredgewell8f@uiuc.edu,Male,191.250.28.104
305,Franciska,Loveitt,floveitt8g@ustream.tv,Female,68.235.39.116
306,Deena,Repp,drepp8h@huffingtonpost.com,Female,105.68.238.75
307,Catherina,Lauritsen,clauritsen8i@sina.com.cn,Female,22.17.181.48
308,Isabelita,Quillinane,iquillinane8j@people.com.cn,Female,151.188.78.43
309,Mill,Vertey,mvertey8k@sphinn.com,Male,57.141.121.65
310,Ibrahim,Van der Beek,ivanderbeek8l@cbsnews.com,Male,140.77.133.97
311,Amalee,Mash,amash8m@senate.gov,Female,207.253.13.210
312,Beverie,Clemanceau,bclemanceau8n@etsy.com,Female,2.189.166.170
313,Hillel,Geffinger,hgeffinger8o@networkadvertising.org,Male,132.197.243.34
314,Emmy,Holtom,eholtom8p@mlb.com,Female,247.16.89.226
315,Cedric,Gladbeck,cgladbeck8q@nsw.gov.au,Male,170.99.4.162
316,Weidar,Dulany,wdulany8r@mtv.com,Male,133.73.229.48
317,Betteanne,Impy,bimpy8s@hc360.com,Female,104.15.212.215
318,Hana,Glading,hglading8t@ustream.tv,Female,0.51.238.248
319,Yvonne,McCaig,ymccaig8u@berkeley.edu,Female,6.246.175.165
320,Devan,Brownill,dbrownill8v@etsy.com,Female,37.120.138.191
321,Rafi,Roddam,rroddam8w@google.pl,Male,72.62.143.183
322,Guillaume,Dunkerley,gdunkerley8x@bluehost.com,Male,156.151.80.200
323,Niles,Caldayrou,ncaldayrou8y@statcounter.com,Male,105.67.121.86
324,Othella,Eslinger,oeslinger8z@ca.gov,Female,138.98.136.91
325,Giusto,Holde,gholde90@wikimedia.org,Male,161.159.39.255
326,D'arcy,Dockrell,ddockrell91@alexa.com,Male,113.14.182.46
327,Patience,Agett,pagett92@tumblr.com,Female,252.152.120.117
328,Antoinette,Pepi,apepi93@businesswire.com,Female,34.87.17.51
329,Ozzie,Skeemer,oskeemer94@mapy.cz,Male,178.111.130.16
330,Sascha,Shiel,sshiel95@state.tx.us,Female,68.220.122.170
331,Matty,Halgarth,mhalgarth96@umich.edu,Male,62.72.12.161
332,Osbourne,Munehay,omunehay97@rediff.com,Male,248.48.66.108
333,Bobbi,Davidowsky,bdavidowsky98@jimdo.com,Female,21.101.226.222
334,Dilan,Pedroni,dpedroni99@bbc.co.uk,Male,172.5.28.39
335,Deena,Stetson,dstetson9a@dedecms.com,Female,200.153.58.236
336,Nolana,Dix,ndix9b@ftc.gov,Female,208.123.117.170
337,Jana,Papachristophorou,jpapachristophorou9c@slideshare.net,Female,66.68.56.73
338,Sarene,Pryor,spryor9d@pinterest.com,Female,113.101.154.0
339,Elyse,Ziemsen,eziemsen9e@dell.com,Female,73.175.155.230
340,Alvis,Spurden,aspurden9f@ted.com,Male,33.86.196.45
341,Consuelo,Cockerham,ccockerham9g@webs.com,Female,65.63.205.209
342,Jamil,Kinlock,jkinlock9h@icq.com,Male,93.7.69.83
343,Cinderella,Cullagh,ccullagh9i@google.co.jp,Female,91.145.75.238
344,Madelaine,Tulley,mtulley9j@google.de,Female,153.128.122.205
345,Ginevra,Kings,gkings9k@google.de,Female,15.212.49.74
346,Dalila,Hacksby,dhacksby9l@noaa.gov,Female,145.16.34.83
347,Jenda,Ewbank,jewbank9m@deliciousdays.com,Female,86.101.227.163
348,Corny,Bracknall,cbracknall9n@wix.com,Female,50.84.59.20
349,Wally,Pietruszka,wpietruszka9o@sbwire.com,Female,6.166.138.243
350,Valaree,Stivani,vstivani9p@addtoany.com,Female,29.218.91.231
351,Katharyn,Mc Meekin,kmcmeekin9q@biblegateway.com,Female,154.76.179.119
352,Saraann,Hullett,shullett9r@last.fm,Female,163.136.45.90
353,Nonah,Lamplugh,nlamplugh9s@washington.edu,Female,123.204.118.68
354,Valentino,M'Barron,vmbarron9t@apple.com,Male,32.50.227.156
355,Rosalind,Bushe,rbushe9u@discovery.com,Female,73.155.110.183
356,Thedric,Imlaw,timlaw9v@gnu.org,Male,236.246.246.82
357,Adelice,Reitenbach,areitenbach9w@webmd.com,Female,146.144.197.125
358,Heath,Kimmel,hkimmel9x@qq.com,Female,143.14.247.14
359,Junia,Domanek,jdomanek9y@fema.gov,Female,84.171.81.111
360,Lucius,Stroyan,lstroyan9z@huffingtonpost.com,Male,195.144.47.118
361,Kippy,Forri,kforria0@1und1.de,Male,111.126.54.214
362,Osbourne,Tuffield,otuffielda1@aboutads.info,Male,140.189.115.194
363,Ibrahim,Garvill,igarvilla2@si.edu,Male,173.157.106.144
364,Ines,Siebart,isiebarta3@php.net,Female,147.252.85.5
365,Venita,Bearsmore,vbearsmorea4@cornell.edu,Female,70.119.199.167
366,Jaynell,Hymus,jhymusa5@simplemachines.org,Female,11.125.4.103
367,Noak,Pick,npicka6@mail.ru,Male,195.104.172.65
368,Stillman,Hadny,shadnya7@netscape.com,Male,13.229.10.209
369,Sydney,Bramble,sbramblea8@si.edu,Male,123.205.108.141
370,Werner,Geleman,wgelemana9@acquirethisname.com,Male,235.204.138.40
371,Glen,Hamments,ghammentsaa@friendfeed.com,Male,51.167.98.125
372,Devina,Pingston,dpingstonab@ibm.com,Female,7.5.205.134
373,Annabela,Gallardo,agallardoac@addthis.com,Female,207.183.229.207
374,Cal,Guiness,cguinessad@free.fr,Male,194.57.153.39
375,Kerry,Fassmann,kfassmannae@homestead.com,Female,247.142.17.36
376,Karylin,Amsden,kamsdenaf@prlog.org,Female,109.204.198.106
377,Chiquita,Casini,ccasiniag@free.fr,Female,79.47.9.164
378,Morganne,Rothon,mrothonah@redcross.org,Female,31.197.130.54
379,Marquita,MacAdie,mmacadieai@independent.co.uk,Female,86.218.183.19
380,Genna,Aldred,galdredaj@dot.gov,Female,111.228.32.58
381,Lin,Topes,ltopesak@salon.com,Male,178.166.85.183
382,Christoffer,Pattemore,cpattemoreal@earthlink.net,Male,239.8.187.166
383,Marlo,Oldknowe,moldknoweam@sakura.ne.jp,Female,127.193.204.87
384,Khalil,Labet,klabetan@amazonaws.com,Male,145.85.180.159
385,Berty,Wedge,bwedgeao@discuz.net,Male,144.173.2.59
386,Fran,Stockley,fstockleyap@state.tx.us,Male,133.15.244.180
387,Madelyn,Jonke,mjonkeaq@tripadvisor.com,Female,142.14.195.201
388,Broddie,Brashaw,bbrashawar@cyberchimps.com,Male,239.89.2.112
389,Demetrius,Sapir,dsapiras@geocities.jp,Male,187.155.235.10
390,Roxanne,Orknay,rorknayat@rediff.com,Female,71.250.35.12
391,Marybeth,Durram,mdurramau@tuttocitta.it,Female,35.61.3.45
392,Town,Britzius,tbritziusav@yolasite.com,Male,128.155.88.123
393,Philippine,Cody,pcodyaw@symantec.com,Female,67.98.122.202
394,Sid,Tunmore,stunmoreax@illinois.edu,Male,56.19.15.228
395,Valentine,Napper,vnapperay@ft.com,Female,23.227.243.6
396,Eileen,Franssen,efranssenaz@live.com,Female,245.55.199.0
397,Peterus,Guitton,pguittonb0@photobucket.com,Male,159.6.241.25
398,Newton,Guiduzzi,nguiduzzib1@blogger.com,Male,177.234.61.6
399,Webb,Risbridge,wrisbridgeb2@hc360.com,Male,138.131.213.51
400,Dorey,Poone,dpooneb3@slashdot.org,Female,140.254.115.70
401,Barbabas,Karpychev,bkarpychevb4@domainmarket.com,Male,85.190.44.156
402,Aldo,Keynes,akeynesb5@twitter.com,Male,98.230.58.209
403,Kristina,Kiff,kkiffb6@gov.uk,Female,37.56.13.62
404,Brinn,Maps,bmapsb7@accuweather.com,Female,143.116.65.41
405,Stanly,Swales,sswalesb8@1688.com,Male,151.146.78.89
406,Donn,Burr,dburrb9@hibu.com,Male,127.159.137.89
407,Rickert,Glasebrook,rglasebrookba@reverbnation.com,Male,80.194.228.32
408,Ethan,Keal,ekealbb@hexun.com,Male,91.113.26.254
409,Marylin,Newall,mnewallbc@vkontakte.ru,Female,105.213.85.43
410,Levon,Kewley,lkewleybd@desdev.cn,Male,140.59.152.29
411,Jordan,McDougle,jmcdouglebe@hao123.com,Male,147.133.180.55
412,Jarrett,Northrop,jnorthropbf@free.fr,Male,142.98.49.170
413,Devora,Songust,dsongustbg@yahoo.com,Female,96.195.9.24
414,Fidelity,Hatchman,fhatchmanbh@nature.com,Female,96.2.194.103
415,Jeremie,Hickford,jhickfordbi@ihg.com,Male,3.22.113.141
416,Lea,Ollive,lollivebj@aboutads.info,Female,198.78.204.153
417,Fina,Duffus,fduffusbk@japanpost.jp,Female,184.45.186.244
418,Raimund,Throughton,rthroughtonbl@pinterest.com,Male,7.250.65.32
419,Earlie,Janovsky,ejanovskybm@umn.edu,Male,67.33.122.234
420,Bambie,Ianno,biannobn@mozilla.com,Female,19.210.42.90
421,Shaylynn,Skala,sskalabo@youtu.be,Female,69.91.85.35
422,Micky,Hanalan,mhanalanbp@tripod.com,Female,9.16.30.102
423,Adora,Davern,adavernbq@yelp.com,Female,119.77.32.175
424,Nikola,McGeachie,nmcgeachiebr@timesonline.co.uk,Male,229.154.196.214
425,Fraser,Alabastar,falabastarbs@omniture.com,Male,198.255.28.89
426,Nikoletta,Gerbl,ngerblbt@furl.net,Female,218.53.196.212
427,Garth,Debow,gdebowbu@spiegel.de,Male,153.56.105.128
428,Zeb,Stiles,zstilesbv@canalblog.com,Male,215.36.254.221
429,Goober,Leithgoe,gleithgoebw@smh.com.au,Male,2.210.156.147
430,Pepillo,Kinnier,pkinnierbx@ameblo.jp,Male,62.115.151.238
431,Jacinthe,MacCaffery,jmaccafferyby@mediafire.com,Female,219.155.12.229
432,Agosto,Courtese,acourtesebz@over-blog.com,Male,82.99.105.19
433,Noreen,Sutehall,nsutehallc0@amazon.co.uk,Female,227.141.120.68
434,Emeline,Petranek,epetranekc1@hexun.com,Female,249.60.218.252
435,Melli,Shavel,mshavelc2@seattletimes.com,Female,208.250.151.68
436,Madelyn,Petch,mpetchc3@alibaba.com,Female,228.169.1.150
437,Holly-anne,Llorente,hllorentec4@privacy.gov.au,Female,38.215.180.25
438,Hector,Basham,hbashamc5@desdev.cn,Male,173.224.180.0
439,Ruggiero,Wines,rwinesc6@odnoklassniki.ru,Male,22.158.255.233
440,Hardy,Wilson,hwilsonc7@ft.com,Male,40.208.227.117
441,Jermayne,Bellie,jbelliec8@dropbox.com,Male,35.89.24.32
442,Carrissa,Fraulo,cfrauloc9@taobao.com,Female,240.248.95.146
443,Emalee,Chadwick,echadwickca@ocn.ne.jp,Female,114.104.71.80
444,Carlie,Veld,cveldcb@tripod.com,Male,74.78.20.13
445,Miguela,Growy,mgrowycc@blogger.com,Female,214.129.124.218
446,Fey,Lumm,flummcd@businesswire.com,Female,67.130.107.20
447,Karisa,Torrance,ktorrancece@moonfruit.com,Female,176.243.53.146
448,Mayer,Zorzin,mzorzincf@free.fr,Male,88.131.106.117
449,Eyde,Betchley,ebetchleycg@ft.com,Female,150.216.65.24
450,Alikee,Lilleycrop,alilleycropch@java.com,Female,174.197.80.162
451,Karlotte,Placide,kplacideci@kickstarter.com,Female,175.47.150.203
452,Herold,Horsey,hhorseycj@un.org,Male,159.154.121.239
453,Carlin,Dorning,cdorningck@huffingtonpost.com,Female,10.71.52.164
454,Julie,Sutterfield,jsutterfieldcl@de.vu,Female,12.241.175.229
455,Karel,Yewdell,kyewdellcm@symantec.com,Female,108.91.251.208
456,Laina,Tolland,ltollandcn@privacy.gov.au,Female,255.191.240.88
457,Alric,Fibbings,afibbingsco@princeton.edu,Male,18.207.254.224
458,Sisile,Twomey,stwomeycp@squidoo.com,Female,167.220.32.61
459,Web,Horwell,whorwellcq@booking.com,Male,154.105.37.203
460,Reade,Massenhove,rmassenhovecr@domainmarket.com,Male,230.133.242.138
461,Cloris,O'Dowgaine,codowgainecs@marketwatch.com,Female,104.110.245.46
462,Joellyn,Murcott,jmurcottct@edublogs.org,Female,11.27.138.41
463,Esme,Figgen,efiggencu@hostgator.com,Male,226.110.119.66
464,Jefferson,Mein,jmeincv@soundcloud.com,Male,95.121.111.239
465,Ki,Okroy,kokroycw@comcast.net,Female,242.30.240.196
466,Klaus,Vaskov,kvaskovcx@theguardian.com,Male,2.214.143.111
467,Hayward,Murkitt,hmurkittcy@chron.com,Male,80.229.27.247
468,Vale,Bloor,vbloorcz@devhub.com,Male,41.188.250.147
469,Marin,Foat,mfoatd0@so-net.ne.jp,Female,184.4.18.165
470,Lainey,Kopisch,lkopischd1@trellian.com,Female,169.76.174.14
471,Barnaby,Lacoste,blacosted2@imageshack.us,Male,16.155.92.105
472,Latisha,Leys,lleysd3@imgur.com,Female,22.134.232.180
473,Boniface,Adamczyk,badamczykd4@china.com.cn,Male,77.215.229.62
474,Yardley,Kuschel,ykuscheld5@fastcompany.com,Male,176.181.114.147
475,Millard,Knotte,mknotted6@washingtonpost.com,Male,117.47.133.97
476,Flem,Dupre,fdupred7@weebly.com,Male,159.200.24.87
477,Aurea,Lots,alotsd8@istockphoto.com,Female,236.110.200.60
478,Gavin,Duplock,gduplockd9@dailymail.co.uk,Male,33.0.117.172
479,Cord,Stygall,cstygallda@photobucket.com,Male,196.211.153.127
480,Wyn,Vittery,wvitterydb@networkadvertising.org,Male,200.137.25.226
481,Norrie,MacKonochie,nmackonochiedc@ed.gov,Male,79.136.235.83
482,Aarika,Fulop,afulopdd@ovh.net,Female,191.237.94.55
483,Gerek,Bagnold,gbagnoldde@tinyurl.com,Male,140.155.28.51
484,Cleo,Nial,cnialdf@plala.or.jp,Female,149.95.153.249
485,Boyd,Kirton,bkirtondg@sourceforge.net,Male,124.247.23.13
486,Buddie,Truman,btrumandh@chron.com,Male,230.40.221.243
487,Leoline,Brewins,lbrewinsdi@imageshack.us,Female,42.223.159.39
488,Justine,Saxon,jsaxondj@simplemachines.org,Female,15.212.217.3
489,Victor,Tott,vtottdk@sciencedirect.com,Male,205.55.40.3
490,Llywellyn,Rosier,lrosierdl@techcrunch.com,Male,37.130.205.200
491,Kaylee,Revett,krevettdm@loc.gov,Female,53.105.185.70
492,Ellynn,Vizor,evizordn@51.la,Female,12.110.247.37
493,Tove,Snasdell,tsnasdelldo@sina.com.cn,Female,16.189.228.234
494,Archaimbaud,Andrusyak,aandrusyakdp@altervista.org,Male,46.157.64.52
495,Sancho,Lowater,slowaterdq@youku.com,Male,85.101.130.92
496,Robinson,Kennford,rkennforddr@squarespace.com,Male,61.92.40.145
497,Rowney,Connal,rconnalds@homestead.com,Male,118.91.140.98
498,Angie,Purches,apurchesdt@phoca.cz,Male,46.181.246.134
499,Cacilie,Jallin,cjallindu@simplemachines.org,Female,246.231.93.119
500,Pietro,M'Chirrie,pmchirriedv@rambler.ru,Male,201.38.164.183
501,Ted,Holwell,tholwelldw@cornell.edu,Male,6.187.70.159
502,Michelle,Joselevitch,mjoselevitchdx@chron.com,Female,214.201.249.90
503,Antonia,Deverill,adeverilldy@themeforest.net,Female,117.57.195.230
504,Joelly,Hunday,jhundaydz@ox.ac.uk,Female,252.74.103.244
505,Claudio,Goodhay,cgoodhaye0@pbs.org,Male,120.121.215.160
506,Merell,Mathews,mmathewse1@amazon.co.jp,Male,171.214.159.64
507,Federico,Boothebie,fboothebiee2@china.com.cn,Male,190.72.27.116
508,Gabriele,Dufer,gdufere3@hhs.gov,Male,13.135.211.162
509,Justinn,Tibbles,jtibblese4@diigo.com,Female,61.0.175.75
510,Vito,Mozzetti,vmozzettie5@t.co,Male,103.210.207.243
511,Kelsi,Kohnert,kkohnerte6@indiatimes.com,Female,166.183.25.226
512,Tabbatha,Hansberry,thansberrye7@devhub.com,Female,30.44.140.184
513,Fraze,Barrabeale,fbarrabealee8@toplist.cz,Male,229.92.157.202
514,Rubin,McCoughan,rmccoughane9@hatena.ne.jp,Male,255.166.234.134
515,Corey,Pill,cpillea@paginegialle.it,Female,139.195.91.143
516,Flin,Micallef,fmicallefeb@state.tx.us,Male,131.115.106.14
517,Lucienne,Lethcoe,llethcoeec@whitehouse.gov,Female,189.183.138.83
518,Curr,Hibling,chiblinged@google.de,Male,125.178.43.20
519,Nicola,Roney,nroneyee@google.com.hk,Female,132.58.221.69
520,Cyndi,Conquest,cconquestef@disqus.com,Female,20.114.128.34
521,Colas,Romme,crommeeg@shinystat.com,Male,250.106.85.142
522,Cherlyn,Wisniewski,cwisniewskieh@webnode.com,Female,254.185.214.92
523,Bengt,Dregan,bdreganei@bigcartel.com,Male,255.69.139.94
524,Valeda,Norris,vnorrisej@nps.gov,Female,71.254.149.118
525,Arielle,Glossup,aglossupek@salon.com,Female,105.74.210.194
526,Masha,Pagon,mpagonel@odnoklassniki.ru,Female,116.237.37.35
527,Jereme,Itskovitz,jitskovitzem@discovery.com,Male,109.204.163.240
528,Meryl,Fellgate,mfellgateen@fda.gov,Male,86.92.117.159
529,Yolanthe,Lafranconi,ylafranconieo@surveymonkey.com,Female,235.139.32.149
530,Whitaker,Issit,wissitep@jalbum.net,Male,52.214.149.92
531,Goran,Scudder,gscuddereq@wp.com,Male,202.204.200.28
532,Jule,Callinan,jcallinaner@squarespace.com,Male,171.92.198.22
533,Rossie,Menendez,rmenendezes@furl.net,Male,0.97.206.93
534,Aland,Skill,askillet@ifeng.com,Male,63.117.67.10
535,Wang,Castellone,wcastelloneeu@twitpic.com,Male,78.246.97.103
536,Ardelia,O'Lahy,aolahyev@virginia.edu,Female,174.87.245.230
537,Kerstin,O'Coskerry,kocoskerryew@netlog.com,Female,55.105.91.125
538,Virgil,Burkert,vburkertex@so-net.ne.jp,Male,211.60.0.202
539,Pamella,Wantling,pwantlingey@usgs.gov,Female,106.121.54.186
540,Babara,Cornall,bcornallez@cloudflare.com,Female,193.239.138.119
541,Flory,Trownson,ftrownsonf0@china.com.cn,Male,46.4.216.61
542,Jacobo,Hazelhurst,jhazelhurstf1@vimeo.com,Male,199.54.32.111
543,Nikkie,Spering,nsperingf2@netvibes.com,Female,54.253.13.56
544,Kassandra,Gethen,kgethenf3@wikipedia.org,Female,12.31.13.168
545,Johan,Armatage,jarmatagef4@telegraph.co.uk,Male,37.146.69.117
546,Remus,Bedbury,rbedburyf5@tripadvisor.com,Male,24.109.197.200
547,Jud,Brushneen,jbrushneenf6@instagram.com,Male,245.48.207.191
548,Byrom,Lacheze,blachezef7@sphinn.com,Male,144.254.8.232
549,Jaymee,Gerring,jgerringf8@digg.com,Female,238.197.158.210
550,Eldridge,Gundrey,egundreyf9@stumbleupon.com,Male,86.119.108.180
551,Hannis,De Cruce,hdecrucefa@networkadvertising.org,Female,52.21.237.178
552,Ginger,Swire,gswirefb@economist.com,Male,235.234.175.191
553,Kevin,Epperson,keppersonfc@histats.com,Male,68.245.228.234
554,Marius,Issatt,missattfd@delicious.com,Male,241.84.113.173
555,Bonni,Renowden,brenowdenfe@howstuffworks.com,Female,151.97.77.75
556,Wilfrid,McInteer,wmcinteerff@163.com,Male,209.101.150.109
557,Irene,Lake,ilakefg@about.me,Female,111.210.216.134
558,Carma,Carlson,ccarlsonfh@ezinearticles.com,Female,141.78.251.173
559,Shepard,Chicotti,schicottifi@who.int,Male,222.137.121.176
560,Miquela,Clemont,mclemontfj@shutterfly.com,Female,73.205.216.157
561,Toby,Tollett,ttollettfk@sbwire.com,Male,28.158.234.1
562,Arabel,Gardner,agardnerfl@google.co.uk,Female,36.39.209.191
563,Bamby,Hoolaghan,bhoolaghanfm@wordpress.com,Female,147.59.212.178
564,Kirstyn,Osinin,kosininfn@java.com,Female,63.178.33.154
565,Patsy,Bullus,pbullusfo@gravatar.com,Male,14.193.24.77
566,Lindy,Digman,ldigmanfp@weather.com,Female,106.146.212.81
567,Bridie,Rowett,browettfq@moonfruit.com,Female,107.157.174.208
568,Gabriela,Janeczek,gjaneczekfr@tamu.edu,Female,94.196.188.21
569,Titos,Workes,tworkesfs@over-blog.com,Male,32.83.13.246
570,Hans,Beamand,hbeamandft@npr.org,Male,228.101.164.70
571,Dominik,Heaphy,dheaphyfu@telegraph.co.uk,Male,254.85.182.73
572,Hagan,Oven,hovenfv@nbcnews.com,Male,192.61.153.220
573,Dael,Georgius,dgeorgiusfw@rambler.ru,Male,21.249.215.70
574,Cathee,Quigg,cquiggfx@imdb.com,Female,227.48.32.8
575,Kizzie,Casacchia,kcasacchiafy@nhs.uk,Female,117.92.78.156
576,Andy,Haws,ahawsfz@deliciousdays.com,Female,22.160.183.12
577,Hester,Churches,hchurchesg0@umich.edu,Female,149.163.175.91
578,Mahalia,Straneo,mstraneog1@jimdo.com,Female,155.71.17.167
579,Reina,Jakubowsky,rjakubowskyg2@quantcast.com,Female,78.38.205.152
580,Agatha,O'Reagan,aoreagang3@slate.com,Female,115.46.173.179
581,Erna,Rushbrook,erushbrookg4@imageshack.us,Female,56.51.122.88
582,Kin,Jansa,kjansag5@noaa.gov,Male,158.232.221.151
583,Evanne,Cosins,ecosinsg6@ucsd.edu,Female,8.103.193.75
584,Jenni,Bromilow,jbromilowg7@europa.eu,Female,26.224.6.100
585,Sigismond,Hurtic,shurticg8@infoseek.co.jp,Male,172.228.193.178
586,Paco,Girk,pgirkg9@epa.gov,Male,96.192.21.41
587,Orland,Roggero,oroggeroga@homestead.com,Male,189.73.65.73
588,Glynn,Berston,gberstongb@usgs.gov,Male,144.50.20.213
589,Jaime,Skelcher,jskelchergc@forbes.com,Male,127.67.124.155
590,Katerine,Gallichan,kgallichangd@ebay.com,Female,109.49.113.68
591,Lucina,Kenvin,lkenvinge@mapquest.com,Female,192.115.127.39
592,Hertha,Dibbs,hdibbsgf@ucoz.com,Female,198.214.130.67
593,Hilton,Shirt,hshirtgg@unesco.org,Male,241.229.51.175
594,Rene,Gonnely,rgonnelygh@tamu.edu,Female,9.172.127.108
595,Elfrida,Delicate,edelicategi@google.ru,Female,184.101.160.233
596,Sonia,Chasen,schasengj@google.de,Female,144.20.22.67
597,Monti,Bartali,mbartaligk@nbcnews.com,Male,42.191.66.105
598,Brooks,Hatz,bhatzgl@hatena.ne.jp,Male,174.16.94.61
599,Burnard,Rupp,bruppgm@china.com.cn,Male,232.22.94.238
600,Geneva,Riping,gripinggn@netscape.com,Female,231.220.57.136
601,Xena,Beeres,xbeeresgo@princeton.edu,Female,161.64.52.108
602,Shannon,Mulqueeny,smulqueenygp@who.int,Male,210.143.243.107
603,Floris,Tuiller,ftuillergq@ovh.net,Female,234.240.173.186
604,Bond,Knowlson,bknowlsongr@nih.gov,Male,136.197.140.60
605,Thomasin,Comazzo,tcomazzogs@cocolog-nifty.com,Female,235.195.6.108
606,Vicky,Diable,vdiablegt@time.com,Female,1.22.155.40
607,Celka,Sidwell,csidwellgu@bluehost.com,Female,155.183.11.94
608,Cassandre,Goudy,cgoudygv@nytimes.com,Female,14.225.225.132
609,Deeann,Fusedale,dfusedalegw@nationalgeographic.com,Female,20.248.210.156
610,Rosalia,Padson,rpadsongx@elegantthemes.com,Female,253.15.231.129
611,Rowan,Rama,rramagy@dmoz.org,Male,58.193.191.42
612,Janella,Lazenbury,jlazenburygz@goo.gl,Female,110.160.191.100
613,Flory,Linsey,flinseyh0@google.ca,Female,127.38.162.209
614,Emera,De Angelis,edeangelish1@nyu.edu,Female,183.13.82.140
615,Cecil,Shiers,cshiersh2@photobucket.com,Female,48.62.142.174
616,Cord,Whapples,cwhapplesh3@epa.gov,Male,150.77.5.169
617,Marlyn,Labroue,mlabroueh4@jiathis.com,Female,79.18.9.22
618,Brynn,Oldrey,boldreyh5@51.la,Female,11.175.31.12
619,Edgar,Willgoose,ewillgooseh6@topsy.com,Male,113.213.21.143
620,Renae,Cholomin,rcholominh7@narod.ru,Female,19.65.220.26
621,Ulises,Siggin,usigginh8@icq.com,Male,176.193.24.172
622,Isaiah,Hornig,ihornigh9@ucla.edu,Male,28.65.220.209
623,Aaron,Dacombe,adacombeha@webnode.com,Male,231.189.98.83
624,Hammad,Pattullo,hpattullohb@bbc.co.uk,Male,134.55.226.22
625,Renata,Mitchener,rmitchenerhc@wikimedia.org,Female,44.91.203.131
626,Felicdad,Gersam,fgersamhd@google.com.hk,Female,225.6.34.6
627,Meghan,Bollam,mbollamhe@xing.com,Female,243.232.128.138
628,Munroe,Oakenfall,moakenfallhf@e-recht24.de,Male,211.160.61.71
629,Findley,Allflatt,fallflatthg@go.com,Male,115.223.171.41
630,Veronike,Niemetz,vniemetzhh@vk.com,Female,139.215.242.125
631,Ardyce,Piggott,apiggotthi@kickstarter.com,Female,135.144.199.198
632,Fidel,Ickovici,fickovicihj@blog.com,Male,13.99.159.169
633,Tommy,Yurov,tyurovhk@shop-pro.jp,Male,209.78.56.234
634,Bernelle,Wasmuth,bwasmuthhl@sogou.com,Female,131.227.0.46
635,Brynn,Ailward,bailwardhm@hostgator.com,Female,163.114.218.115
636,Beilul,Beers,bbeershn@hugedomains.com,Female,133.219.165.211
637,Ki,MacMeeking,kmacmeekingho@answers.com,Female,16.159.70.247
638,Lucho,Compston,lcompstonhp@youtube.com,Male,197.113.94.46
639,Simonette,Stockbridge,sstockbridgehq@slate.com,Female,73.37.68.87
640,Bank,Harty,bhartyhr@liveinternet.ru,Male,94.91.59.47
641,Stanwood,Dameisele,sdameiselehs@netvibes.com,Male,165.102.240.231
642,Alethea,Mullis,amullisht@purevolume.com,Female,200.235.145.21
643,Flinn,Skule,fskulehu@dropbox.com,Male,239.85.135.238
644,Abdel,Blinman,ablinmanhv@indiatimes.com,Male,105.185.196.42
645,Ashly,Gaddes,agaddeshw@gravatar.com,Female,160.164.133.219
646,Kliment,Ubsdale,kubsdalehx@cnn.com,Male,150.176.206.118
647,Wyndham,O'Sharry,wosharryhy@oakley.com,Male,81.110.228.13
648,Hobey,Instock,hinstockhz@dion.ne.jp,Male,34.12.252.130
649,Corbet,Vasilyonok,cvasilyonoki0@goo.gl,Male,96.126.68.244
650,Emlynn,McKelloch,emckellochi1@hc360.com,Female,210.203.84.88
651,Keely,Seamen,kseameni2@nih.gov,Female,227.196.168.225
652,Arne,Stolberger,astolbergeri3@latimes.com,Male,157.166.206.187
653,Prentiss,Gilliland,pgillilandi4@amazon.com,Male,104.136.71.54
654,Thorny,Danniel,tdannieli5@clickbank.net,Male,161.160.154.89
655,Alyce,Durno,adurnoi6@php.net,Female,220.212.206.223
656,Jeddy,Cornford,jcornfordi7@joomla.org,Male,15.89.212.197
657,Odell,Havelin,ohavelini8@wikispaces.com,Male,18.231.30.101
658,Sisile,Hannigane,shanniganei9@ucla.edu,Female,175.63.126.121
659,Bibbye,Thornham,bthornhamia@ezinearticles.com,Female,171.78.249.30
660,Sasha,Hugenin,shugeninib@scribd.com,Male,234.237.246.22
661,Costa,Langtry,clangtryic@istockphoto.com,Male,75.160.143.199
662,Henrie,Hollibone,hholliboneid@state.gov,Female,69.134.93.172
663,Tiffi,Alphege,talphegeie@artisteer.com,Female,138.227.93.12
664,Hana,Danzig,hdanzigif@homestead.com,Female,119.148.91.195
665,Udall,McTrustie,umctrustieig@yellowpages.com,Male,159.238.190.239
666,Melantha,Gallahar,mgallaharih@europa.eu,Female,67.214.156.59
667,Dido,Crispin,dcrispinii@discuz.net,Female,59.137.90.67
668,Byran,Lampe,blampeij@umn.edu,Male,59.99.223.4
669,Diena,Hawse,dhawseik@bloglines.com,Female,72.40.78.114
670,Anallise,Deverille,adeverilleil@artisteer.com,Female,74.53.90.162
671,Saundra,Schwant,sschwantim@alibaba.com,Male,63.86.230.155
672,Amalita,Vinten,avintenin@weebly.com,Female,212.120.237.54
673,Fifi,Grevatt,fgrevattio@imdb.com,Female,245.186.164.116
674,Karel,Dumberell,kdumberellip@tinyurl.com,Female,170.205.58.170
675,Stephi,Clench,sclenchiq@intel.com,Female,170.180.239.150
676,Estevan,Syvret,esyvretir@angelfire.com,Male,177.174.219.89
677,Carce,Paolillo,cpaolillois@wikimedia.org,Male,74.229.204.73
678,Vassily,Hyde-Chambers,vhydechambersit@goodreads.com,Male,171.130.97.232
679,Karoly,Middlemass,kmiddlemassiu@bing.com,Male,201.44.213.160
680,Sibilla,Loyley,sloyleyiv@blog.com,Female,190.42.117.222
681,Jessamine,Purrington,jpurringtoniw@privacy.gov.au,Female,128.255.145.251
682,Henri,Bickell,hbickellix@buzzfeed.com,Male,237.119.66.87
683,Maire,Nibley,mnibleyiy@example.com,Female,175.72.150.94
684,Ursola,Blaze,ublazeiz@shop-pro.jp,Female,128.237.38.126
685,Wynne,Ollarenshaw,wollarenshawj0@dmoz.org,Female,114.190.14.153
686,Leonid,Oliphand,loliphandj1@acquirethisname.com,Male,124.133.24.225
687,Rosa,Stollenberg,rstollenbergj2@unesco.org,Female,190.66.113.228
688,Lon,MacMearty,lmacmeartyj3@ow.ly,Male,193.237.132.2
689,Karel,Flavelle,kflavellej4@nifty.com,Male,137.230.46.23
690,Shae,Goshawk,sgoshawkj5@instagram.com,Male,99.156.217.49
691,Guss,Zoppie,gzoppiej6@dot.gov,Male,112.120.248.77
692,Gillan,Masurel,gmasurelj7@wordpress.com,Female,208.198.140.53
693,Bjorn,Maiden,bmaidenj8@skype.com,Male,80.241.33.241
694,Clemens,Baton,cbatonj9@facebook.com,Male,61.87.131.217
695,Dulciana,Godley,dgodleyja@google.co.uk,Female,220.36.168.118
696,Guss,Spinks,gspinksjb@howstuffworks.com,Male,77.195.155.61
697,Devy,Hacard,dhacardjc@state.gov,Male,101.49.8.172
698,Stewart,Jorioz,sjoriozjd@va.gov,Male,61.135.63.242
699,Rafferty,Wearne,rwearneje@indiegogo.com,Male,40.185.227.2
700,Jaimie,Croote,jcrootejf@t-online.de,Male,157.23.112.174
701,Tanhya,Hender,thenderjg@umn.edu,Female,41.252.59.195
702,Elvina,Crankshaw,ecrankshawjh@instagram.com,Female,126.38.189.237
703,Charlotta,Getch,cgetchji@amazon.de,Female,209.240.110.7
704,Lizzie,Boorer,lboorerjj@disqus.com,Female,132.174.163.166
705,Hannie,Hamelyn,hhamelynjk@virginia.edu,Female,19.223.120.198
706,Frazer,Chatfield,fchatfieldjl@nps.gov,Male,102.8.15.126
707,Davidde,Kinnoch,dkinnochjm@tamu.edu,Male,190.19.200.202
708,Ryann,Kalinovich,rkalinovichjn@w3.org,Female,132.86.74.118
709,Isobel,Cleminshaw,icleminshawjo@bloglovin.com,Female,72.154.89.23
710,Karim,Coller,kcollerjp@ted.com,Male,121.213.213.107
711,Alvy,Shankle,ashanklejq@goodreads.com,Male,100.87.93.62
712,Beitris,Hearnden,bhearndenjr@nymag.com,Female,161.76.172.96
713,Mickie,Aguirre,maguirrejs@miitbeian.gov.cn,Female,203.175.60.229
714,Nathanil,Peplow,npeplowjt@xing.com,Male,139.100.84.177
715,Galvan,Cawthry,gcawthryju@cpanel.net,Male,237.154.219.242
716,Cosimo,Steven,cstevenjv@sogou.com,Male,65.239.173.143
717,Jaclyn,Erratt,jerrattjw@europa.eu,Female,229.124.108.39
718,Butch,Poter,bpoterjx@pagesperso-orange.fr,Male,166.52.149.182
719,Margareta,Krojn,mkrojnjy@uiuc.edu,Female,190.156.192.43
720,Killy,Basso,kbassojz@indiatimes.com,Male,108.232.216.158
721,Finn,Crookall,fcrookallk0@deliciousdays.com,Male,191.182.37.165
722,Marylinda,Barry,mbarryk1@opera.com,Female,219.129.133.240
723,Wakefield,Greber,wgreberk2@wired.com,Male,227.126.213.133
724,Dex,Shearme,dshearmek3@archive.org,Male,211.64.217.18
725,Cherish,Gurner,cgurnerk4@cbc.ca,Female,5.197.209.35
726,Timmy,Finnie,tfinniek5@google.it,Female,201.154.220.15
727,Wendie,Beadle,wbeadlek6@goodreads.com,Female,236.206.178.48
728,Greta,Tolworth,gtolworthk7@feedburner.com,Female,23.55.76.229
729,Quincy,Binnie,qbinniek8@eventbrite.com,Male,241.184.0.138
730,Golda,Prestedge,gprestedgek9@addtoany.com,Female,57.27.97.41
731,Hi,Feathers,hfeatherska@about.com,Male,153.79.34.53
732,Ailene,Motherwell,amotherwellkb@comcast.net,Female,125.186.79.4
733,Yuri,Maffey,ymaffeykc@imgur.com,Male,34.48.194.206
734,Madonna,Assur,massurkd@wix.com,Female,57.86.196.10
735,Horacio,Wilsey,hwilseyke@soup.io,Male,199.159.213.155
736,Ash,Syncke,asynckekf@msu.edu,Male,104.145.66.183
737,Cynthy,Furmedge,cfurmedgekg@economist.com,Female,142.79.145.81
738,Dan,Pippin,dpippinkh@example.com,Male,119.59.126.23
739,Bride,Vedenichev,bvedenichevki@slate.com,Female,107.57.186.22
740,Amata,Flook,aflookkj@photobucket.com,Female,137.220.173.27
741,Rana,Janiszewski,rjaniszewskikk@dion.ne.jp,Female,252.134.96.61
742,Eadith,Gateley,egateleykl@typepad.com,Female,98.238.218.61
743,Abby,Byas,abyaskm@earthlink.net,Male,38.224.149.56
744,Helyn,Ruvel,hruvelkn@china.com.cn,Female,36.54.248.215
745,Elia,Mustoo,emustooko@kickstarter.com,Male,188.95.148.218
746,Caspar,Wedgbrow,cwedgbrowkp@scribd.com,Male,189.105.47.236
747,Tremain,Auger,taugerkq@blog.com,Male,92.29.13.197
748,Elena,Megarrell,emegarrellkr@ucla.edu,Female,215.242.187.213
749,Huntington,Malafe,hmalafeks@weibo.com,Male,191.126.138.124
750,Antonetta,Finnis,afinniskt@europa.eu,Female,136.63.49.190
751,Olivier,Imm,oimmku@marketwatch.com,Male,54.204.139.156
752,Veda,Delgado,vdelgadokv@qq.com,Female,4.37.183.21
753,Kale,Boulger,kboulgerkw@paypal.com,Male,139.12.203.46
754,Corby,Resun,cresunkx@rambler.ru,Male,200.248.240.143
755,Shelby,Kelso,skelsoky@tinypic.com,Male,206.61.62.70
756,Kev,Adanez,kadanezkz@cyberchimps.com,Male,49.91.249.6
757,Rolando,Twell,rtwelll0@fema.gov,Male,212.80.78.221
758,Sawyere,Cejka,scejkal1@amazonaws.com,Male,28.211.155.246
759,Hyacinth,Sweetland,hsweetlandl2@newsvine.com,Female,246.213.47.231
760,Ulrikaumeko,Gallant,ugallantl3@ebay.co.uk,Female,24.80.172.170
761,Lari,Mower,lmowerl4@buzzfeed.com,Female,113.30.134.135
762,Carrissa,Angrave,cangravel5@usda.gov,Female,7.13.76.136
763,Prudence,MacManus,pmacmanusl6@tuttocitta.it,Female,38.158.140.227
764,Reyna,Coite,rcoitel7@goo.ne.jp,Female,248.141.6.80
765,Katheryn,Piddock,kpiddockl8@last.fm,Female,5.102.136.245
766,Sunny,Lambert-Ciorwyn,slambertciorwynl9@fastcompany.com,Male,86.46.54.198
767,Raynor,Augie,raugiela@ovh.net,Male,139.38.82.117
768,Beatrice,Hallard,bhallardlb@soup.io,Female,219.97.220.89
769,Cloe,Frye,cfryelc@xrea.com,Female,14.63.79.14
770,Waylen,Allmond,wallmondld@cyberchimps.com,Male,147.96.23.118
771,Gussie,Quartermaine,gquartermainele@geocities.com,Female,227.37.131.189
772,Francesco,Bazeley,fbazeleylf@networkadvertising.org,Male,88.71.247.110
773,Desmond,Bilney,dbilneylg@mozilla.org,Male,97.185.97.148
774,Evangeline,Oxlee,eoxleelh@cisco.com,Female,45.133.168.25
775,Klarika,Benallack,kbenallackli@epa.gov,Female,130.146.139.210
776,Clareta,Rishworth,crishworthlj@nps.gov,Female,4.32.118.161
777,Torre,Sheppey,tsheppeylk@patch.com,Male,165.253.112.32
778,Patience,Packwood,ppackwoodll@sakura.ne.jp,Female,158.110.205.30
779,Suzi,Robel,srobellm@linkedin.com,Female,113.251.222.130
780,Matty,Cleaves,mcleavesln@sbwire.com,Female,234.36.88.253
781,Raymund,Ingilson,ringilsonlo@blogs.com,Male,128.216.47.48
782,Adora,Sherry,asherrylp@weebly.com,Female,181.139.135.245
783,Stefania,Bailles,sbailleslq@technorati.com,Female,167.194.61.60
784,Kermit,Perot,kperotlr@va.gov,Male,216.113.92.73
785,Jennie,Decreuze,jdecreuzels@printfriendly.com,Female,53.137.97.136
786,Jeddy,Antonelli,jantonellilt@google.com.br,Male,93.142.177.34
787,Leslie,Nowakowski,lnowakowskilu@wufoo.com,Male,193.254.36.101
788,Dodie,Canon,dcanonlv@salon.com,Female,33.163.223.221
789,Dolf,Ledgard,dledgardlw@deviantart.com,Male,172.98.164.245
790,Cristen,Brady,cbradylx@amazon.com,Female,60.18.117.196
791,Weider,Roycroft,wroycroftly@networksolutions.com,Male,87.33.188.24
792,Sutherland,Wyne,swynelz@surveymonkey.com,Male,238.142.27.169
793,Tabbie,Parmenter,tparmenterm0@fema.gov,Male,234.254.2.135
794,Torie,Decker,tdeckerm1@hibu.com,Female,249.147.250.59
795,Jaimie,MacCartair,jmaccartairm2@cnn.com,Male,109.122.224.138
796,Corella,Malenoir,cmalenoirm3@oakley.com,Female,134.223.105.255
797,Noach,Mannion,nmannionm4@alexa.com,Male,58.100.241.233
798,Drake,de Verson,ddeversonm5@auda.org.au,Male,120.172.228.143
799,Edmon,Berresford,eberresfordm6@discovery.com,Male,191.51.49.254
800,Zita,Garn,zgarnm7@imgur.com,Female,78.22.93.162
801,Maureen,Burrells,mburrellsm8@ehow.com,Female,103.158.229.117
802,Adel,Shillitoe,ashillitoem9@yale.edu,Female,119.173.71.39
803,Elvira,Bampford,ebampfordma@nifty.com,Female,242.253.88.250
804,Pauly,Parres,pparresmb@java.com,Male,66.147.60.45
805,Linc,Armall,larmallmc@xinhuanet.com,Male,77.160.212.56
806,Felicdad,Drains,fdrainsmd@columbia.edu,Female,141.194.173.30
807,Consalve,Cream,ccreamme@vistaprint.com,Male,69.140.101.238
808,Lindy,Lauritsen,llauritsenmf@house.gov,Male,64.160.15.175
809,Erl,Hulks,ehulksmg@cdc.gov,Male,163.220.228.217
810,Alejandro,Macellar,amacellarmh@jigsy.com,Male,173.91.185.121
811,Ranique,Quinell,rquinellmi@npr.org,Female,85.189.116.20
812,Nikola,Mowles,nmowlesmj@marriott.com,Male,109.218.239.170
813,Aurelia,MacKessock,amackessockmk@cornell.edu,Female,218.66.29.124
814,Kingsly,Drewes,kdrewesml@joomla.org,Male,144.243.163.136
815,Walker,Sallenger,wsallengermm@bbc.co.uk,Male,71.137.172.213
816,Cheslie,Jaher,cjahermn@arizona.edu,Female,25.164.17.199
817,Gian,Sheardown,gsheardownmo@gravatar.com,Male,244.145.175.138
818,Bessy,Schanke,bschankemp@phpbb.com,Female,160.199.201.16
819,Sammy,Ades,sadesmq@taobao.com,Male,154.33.80.133
820,Flori,Ponten,fpontenmr@flavors.me,Female,195.48.169.250
821,Wallas,Schober,wschoberms@cnet.com,Male,139.159.57.162
822,Portia,Borne,pbornemt@epa.gov,Female,69.128.83.45
823,Starla,Parkhouse,sparkhousemu@umich.edu,Female,7.39.123.53
824,Gabriele,Nightingale,gnightingalemv@shareasale.com,Male,220.6.252.109
825,Harry,Oakly,hoaklymw@gov.uk,Male,71.201.239.143
826,Urbano,Twort,utwortmx@smh.com.au,Male,239.204.233.20
827,Norris,Skittles,nskittlesmy@hexun.com,Male,10.133.164.201
828,Burtie,Madgewick,bmadgewickmz@csmonitor.com,Male,141.186.180.198
829,Vidovik,Simion,vsimionn0@who.int,Male,197.227.159.51
830,Deeann,Mowett,dmowettn1@skyrock.com,Female,78.67.122.11
831,Lucas,Carillo,lcarillon2@mtv.com,Male,155.24.144.5
832,Kirby,Elies,keliesn3@archive.org,Female,252.237.200.235
833,Clement,Tugman,ctugmann4@deliciousdays.com,Male,207.68.115.175
834,Fran,Dusey,fduseyn5@google.es,Male,153.46.88.125
835,Joelie,Hellis,jhellisn6@auda.org.au,Female,53.138.178.17
836,Jori,Baigent,jbaigentn7@house.gov,Female,54.245.2.44
837,Bernarr,Pressnell,bpressnelln8@51.la,Male,139.169.206.119
838,Conchita,Wofenden,cwofendenn9@auda.org.au,Female,138.229.105.132
839,Derrek,Marian,dmarianna@wordpress.org,Male,5.176.224.0
840,Maribeth,Janas,mjanasnb@wikispaces.com,Female,245.221.89.25
841,Ynes,Sellstrom,ysellstromnc@businesswire.com,Female,106.186.86.49
842,Trent,Draper,tdrapernd@1688.com,Male,30.100.7.93
843,Babb,Viggers,bviggersne@cornell.edu,Female,167.11.63.223
844,Trstram,Eeles,teelesnf@drupal.org,Male,211.107.147.129
845,Verne,Osgordby,vosgordbyng@e-recht24.de,Male,112.234.117.252
846,Merrily,Cullity,mcullitynh@friendfeed.com,Female,145.223.178.199
847,Raddie,McKern,rmckernni@stanford.edu,Male,224.99.225.222
848,Chrystel,Garbutt,cgarbuttnj@ocn.ne.jp,Female,248.172.16.144
849,Roldan,MacAscaidh,rmacascaidhnk@hostgator.com,Male,120.178.163.134
850,Bella,Glassard,bglassardnl@china.com.cn,Female,196.187.183.237
851,Branden,Tilling,btillingnm@answers.com,Male,59.138.139.115
852,Ezri,Vidgeon,evidgeonnn@newyorker.com,Male,25.52.100.200
853,Kipp,Schinetti,kschinettino@pbs.org,Male,95.76.151.81
854,Iver,Stadden,istaddennp@uol.com.br,Male,214.206.44.240
855,Carny,Karolewski,ckarolewskinq@drupal.org,Male,199.206.220.152
856,Washington,Routley,wroutleynr@dot.gov,Male,80.199.66.248
857,Darrelle,Tozer,dtozerns@purevolume.com,Female,104.99.97.12
858,Cly,Moncarr,cmoncarrnt@vk.com,Male,17.226.200.11
859,Batholomew,De Blasio,bdeblasionu@posterous.com,Male,106.65.85.139
860,Bartholemy,Fishburn,bfishburnnv@google.es,Male,61.183.224.253
861,Viola,Darbey,vdarbeynw@so-net.ne.jp,Female,174.149.186.49
862,Claudina,Kless,cklessnx@nationalgeographic.com,Female,245.52.252.90
863,Rafaelita,Wayte,rwayteny@scientificamerican.com,Female,201.158.229.160
864,Pacorro,Dyter,pdyternz@symantec.com,Male,211.94.95.150
865,Cos,Cragg,ccraggo0@youtu.be,Male,42.99.250.223
866,Krishnah,Tremble,ktrembleo1@bing.com,Male,136.172.155.224
867,Skip,Treacy,streacyo2@cdbaby.com,Male,188.100.180.175
868,Palmer,Wasselin,pwasselino3@a8.net,Male,211.62.140.227
869,Felicio,Barefoot,fbarefooto4@slideshare.net,Male,9.191.207.113
870,Sansone,Bonson,sbonsono5@cornell.edu,Male,88.106.248.140
871,Harlie,Seaward,hseawardo6@google.co.jp,Female,27.174.152.159
872,Sven,Frascone,sfrasconeo7@vkontakte.ru,Male,159.139.212.164
873,Zenia,McCadden,zmccaddeno8@rediff.com,Female,136.220.194.23
874,De,Clement,dclemento9@java.com,Female,250.224.159.86
875,Nicoline,Jago,njagooa@fastcompany.com,Female,136.9.247.39
876,Wallie,Lenormand,wlenormandob@youtube.com,Female,46.211.50.17
877,Carroll,Moulson,cmoulsonoc@t-online.de,Female,165.4.69.139
878,Garth,Huckin,ghuckinod@woothemes.com,Male,127.220.205.222
879,Shamus,Gilfillan,sgilfillanoe@sphinn.com,Male,16.111.149.26
880,Javier,Cherry,jcherryof@goodreads.com,Male,108.7.247.202
881,Delano,Dillinger,ddillingerog@wordpress.com,Male,46.28.70.251
882,Corrine,La Vigne,clavigneoh@gnu.org,Female,97.252.42.47
883,Emmy,Dikelin,edikelinoi@ed.gov,Female,104.224.72.255
884,Jeramie,Slym,jslymoj@unesco.org,Male,96.202.127.123
885,Ole,Gaukrodge,ogaukrodgeok@ow.ly,Male,162.109.49.135
886,Aldous,Gue,agueol@mashable.com,Male,185.252.134.240
887,Antoine,MacCafferky,amaccafferkyom@scientificamerican.com,Male,64.60.192.246
888,Sheryl,Capehorn,scapehornon@gmpg.org,Female,123.97.53.93
889,Blithe,Casini,bcasinioo@yale.edu,Female,118.93.238.239
890,Michele,Corrett,mcorrettop@indiegogo.com,Female,97.222.122.219
891,Kaitlin,Daingerfield,kdaingerfieldoq@skyrock.com,Female,220.67.36.136
892,Trace,Cobbing,tcobbingor@newyorker.com,Male,184.33.196.107
893,Jeannie,Aymes,jaymesos@jugem.jp,Female,17.115.249.208
894,Dorian,Parley,dparleyot@liveinternet.ru,Male,250.80.89.34
895,Robby,Klink,rklinkou@fda.gov,Male,182.248.46.238
896,Lorettalorna,Hainge,lhaingeov@moonfruit.com,Female,144.24.239.244
897,Jere,Parram,jparramow@dot.gov,Male,184.226.145.154
898,Zoe,Tregian,ztregianox@nature.com,Female,89.129.56.48
899,Denys,Grocutt,dgrocuttoy@feedburner.com,Male,22.38.191.238
900,Ethelin,Aleksandrov,ealeksandrovoz@posterous.com,Female,217.90.17.211
901,Bab,Newbatt,bnewbattp0@sciencedirect.com,Female,109.176.181.12
902,Horace,Corner,hcornerp1@nationalgeographic.com,Male,142.247.116.164
903,Bjorn,Harwell,bharwellp2@theglobeandmail.com,Male,150.66.165.119
904,Julian,Balstone,jbalstonep3@berkeley.edu,Male,151.160.142.232
905,Darby,Doby,ddobyp4@tiny.cc,Male,253.129.143.191
906,Marietta,Mandal,mmandalp5@e-recht24.de,Male,196.211.61.244
907,Constantin,Flute,cflutep6@jugem.jp,Male,169.97.48.228
908,Bonnie,Martensen,bmartensenp7@indiegogo.com,Female,123.48.5.210
909,Babbette,Pyrah,bpyrahp8@reddit.com,Female,245.64.117.74
910,Elnore,Bragg,ebraggp9@google.com.hk,Female,176.236.81.189
911,Augustus,Jammet,ajammetpa@google.co.jp,Male,89.161.245.223
912,Elinore,Clynter,eclynterpb@list-manage.com,Female,61.206.8.229
913,Taddeo,Swinden,tswindenpc@sun.com,Male,165.206.120.141
914,Starlene,Collen,scollenpd@msn.com,Female,21.6.169.66
915,Joye,Dummigan,jdummiganpe@seesaa.net,Female,9.218.90.205
916,Zebulen,Harroway,zharrowaypf@timesonline.co.uk,Male,53.239.116.9
917,Irene,Braim,ibraimpg@nhs.uk,Female,129.31.16.142
918,Thomasine,Fetherstonhaugh,tfetherstonhaughph@apple.com,Female,79.196.81.26
919,Cary,Tolerton,ctolertonpi@auda.org.au,Female,21.213.204.219
920,Cecelia,Garza,cgarzapj@nydailynews.com,Female,160.83.253.200
921,Isidore,Coggins,icogginspk@zimbio.com,Male,108.234.163.25
922,Curtis,Topper,ctopperpl@wordpress.com,Male,161.4.107.197
923,Phillipe,Soppitt,psoppittpm@usa.gov,Male,63.14.88.112
924,Ethe,Huston,ehustonpn@arizona.edu,Male,39.217.162.30
925,Brett,Arnholtz,barnholtzpo@privacy.gov.au,Female,131.171.159.216
926,Lin,Roskelly,lroskellypp@pen.io,Female,103.212.111.176
927,Jocelyne,Lowdes,jlowdespq@dell.com,Female,88.239.243.14
928,L;urette,Alldre,lalldrepr@psu.edu,Female,171.241.34.168
929,Bo,Mendes,bmendesps@slate.com,Male,20.48.112.77
930,Ronnica,Derham,rderhampt@jigsy.com,Female,120.250.87.71
931,Humbert,Hagland,hhaglandpu@bloglines.com,Male,231.142.54.136
932,Ettie,Lerohan,elerohanpv@jigsy.com,Female,211.158.47.194
933,Quincy,Alessandrucci,qalessandruccipw@xinhuanet.com,Male,52.143.244.81
934,Wit,McCrone,wmccronepx@nydailynews.com,Male,134.112.139.215
935,Evelyn,Blockley,eblockleypy@i2i.jp,Female,119.238.16.249
936,Shurlocke,Wasielewski,swasielewskipz@telegraph.co.uk,Male,210.190.20.75
937,Jena,Farlow,jfarlowq0@yellowpages.com,Female,161.22.127.72
938,Evie,Micklem,emicklemq1@adobe.com,Female,145.219.35.192
939,Tarrance,Lomath,tlomathq2@msn.com,Male,28.236.123.226
940,Stacey,Kohrding,skohrdingq3@irs.gov,Female,82.195.254.135
941,Emmalyn,Weild,eweildq4@toplist.cz,Female,171.212.92.57
942,Dyana,Lauks,dlauksq5@toplist.cz,Female,192.17.209.175
943,Kayla,Glaum,kglaumq6@fda.gov,Female,23.135.146.69
944,Herminia,Howman,hhowmanq7@icq.com,Female,71.38.153.27
945,Davine,Highway,dhighwayq8@drupal.org,Female,151.17.30.7
946,Lovell,Ambrogetti,lambrogettiq9@mediafire.com,Male,142.173.33.143
947,Regan,Baraja,rbarajaqa@is.gd,Male,84.179.182.211
948,Tedmund,Spellacy,tspellacyqb@paginegialle.it,Male,43.164.171.36
949,Samuele,Tingle,stingleqc@nationalgeographic.com,Male,152.131.231.160
950,Augustina,Rubertis,arubertisqd@foxnews.com,Female,168.235.130.111
951,Jorey,Rivallant,jrivallantqe@time.com,Female,84.163.12.252
952,Berke,Quimby,bquimbyqf@e-recht24.de,Male,179.204.104.16
953,Arlen,Triggs,atriggsqg@newsvine.com,Female,227.35.24.57
954,Harriette,Gannicleff,hgannicleffqh@upenn.edu,Female,98.148.254.128
955,Robinette,Almon,ralmonqi@mtv.com,Female,171.119.5.237
956,Holmes,Feathers,hfeathersqj@omniture.com,Male,190.197.97.169
957,Petra,Efford,peffordqk@vimeo.com,Female,61.35.163.229
958,Dugald,Tocqueville,dtocquevilleql@mit.edu,Male,149.201.242.120
959,Jeromy,Gadson,jgadsonqm@multiply.com,Male,134.153.231.182
960,Clim,Ing,cingqn@cargocollective.com,Male,36.106.80.176
961,Goldia,Slide,gslideqo@free.fr,Female,142.213.171.109
962,Wenona,Kirsz,wkirszqp@tripod.com,Female,59.149.88.126
963,Alix,Junifer,ajuniferqq@163.com,Male,222.44.10.160
964,Gabbi,Piscopello,gpiscopelloqr@npr.org,Female,146.143.250.250
965,Anthiathia,Oggers,aoggersqs@nature.com,Female,69.29.71.108
966,Marietta,MacInerney,mmacinerneyqt@marriott.com,Male,221.211.91.250
967,Zebadiah,Ferraro,zferraroqu@cisco.com,Male,128.138.187.62
968,Garth,Gollin,ggollinqv@aboutads.info,Male,180.154.106.101
969,Dukey,Verne,dverneqw@nba.com,Male,83.248.226.205
970,Jessamine,Stowgill,jstowgillqx@reddit.com,Female,96.238.3.29
971,Donn,Van Oord,dvanoordqy@upenn.edu,Male,53.96.99.150
972,Rupert,Bowich,rbowichqz@meetup.com,Male,53.81.38.157
973,Dale,Blaschek,dblaschekr0@cyberchimps.com,Female,242.222.187.80
974,Thatcher,Shotboulte,tshotboulter1@theguardian.com,Male,3.101.222.42
975,Dorry,Pont,dpontr2@theatlantic.com,Female,105.81.189.195
976,Noby,Cunniam,ncunniamr3@europa.eu,Male,94.42.232.164
977,Zenia,Monahan,zmonahanr4@twitter.com,Female,18.78.253.74
978,Richardo,Hancill,rhancillr5@slideshare.net,Male,81.186.111.13
979,Pip,Edison,pedisonr6@parallels.com,Male,167.64.175.22
980,Cecil,Tantum,ctantumr7@behance.net,Male,103.102.57.142
981,Jo,Straughan,jstraughanr8@shareasale.com,Male,122.211.42.141
982,Alene,Ubanks,aubanksr9@vistaprint.com,Female,230.142.208.209
983,Jayme,Rampling,jramplingra@youku.com,Female,36.121.137.50
984,Giles,Bernakiewicz,gbernakiewiczrb@wired.com,Male,66.82.59.177
985,Allyce,Burgwyn,aburgwynrc@meetup.com,Female,147.129.212.185
986,Amberly,Dumphries,adumphriesrd@ifeng.com,Female,164.136.28.196
987,Merle,Izakovitz,mizakovitzre@nasa.gov,Male,192.82.37.129
988,Terry,Minchella,tminchellarf@vistaprint.com,Female,127.38.219.105
989,Leena,Roscoe,lroscoerg@ibm.com,Female,154.211.32.125
990,Marlo,Mandrier,mmandrierrh@sogou.com,Male,4.59.107.43
991,Nessi,Gosforth,ngosforthri@mapy.cz,Female,52.222.150.247
992,Sonny,Syrett,ssyrettrj@sciencedirect.com,Male,1.254.246.252
993,Idaline,Blakeman,iblakemanrk@google.es,Female,87.115.95.207
994,Jamill,Kropp,jkropprl@tmall.com,Male,163.32.185.3
995,Leonard,Hillburn,lhillburnrm@msu.edu,Male,190.210.98.158
996,Shandeigh,O'Dowd,sodowdrn@histats.com,Female,147.169.36.142
997,Minne,Tregiddo,mtregiddoro@foxnews.com,Female,27.243.2.80
998,Aurelie,Sedge,asedgerp@rakuten.co.jp,Female,252.110.138.15
999,Karalynn,Seccombe,kseccomberq@pen.io,Female,251.180.100.200
1000,Fredrika,Whellans,fwhellansrr@chicagotribune.com,Female,28.18.161.10
